,item id,item title,attachment id,attachment label,attachment title,attachment type,attachment description,attachment date,attachment contributors,attachment subjects,attachment series,attachment extent,attachment notes,attachment citation,attachment language,attachment identifier,attachment file access,attachment derivative access,attachment md,file id,file access count,file created,file location,file checksum,file mime,file original_filename,file size,file url,file type,media type,storage path,old item id,image id,document id,video id,audio id,generic file id
0,13388,"Is local more sustainable in Phoenix, Arizona?",82940,ASU_SSEBE_CESEM_2012_CPR_003.pdf,,,,,,,,,,,,,1,1,"{'type': [], 'title': [], 'subject': [], 'language': [], 'description': [], 'notes': [], 'contributor': [], 'series': [], 'extent': [], 'identifier': [], 'citation': []}",51720,1147.0,2012-05-02 18:39:48.299681+00:00,filestore/5f/0f/b7/5f0fb722e4ad57e9502395d6ab4b0bc5,5f0fb722e4ad57e9502395d6ab4b0bc5,application/pdf,ASU_SSEBE_CESEM_2012_CPR_003.pdf,434774.0,/attachments/82940/content/ASU_SSEBE_CESEM_2012_CPR_003.pdf,file,document,5f/0f/b7/5f0fb722e4ad57e9502395d6ab4b0bc5,,,51720,,,
1,13387,A Consequential Comparative Life Cycle Assessment of Seitan and Beef,82942,ASU_SSEBE_CESEM_2012_CPR_002.pdf,,,,,,,,,,,,,1,1,"{'type': [], 'title': [], 'subject': [], 'language': [], 'description': [], 'notes': [], 'contributor': [], 'series': [], 'extent': [], 'identifier': [], 'citation': []}",51722,8060.0,2012-05-02 18:42:07.104699+00:00,filestore/52/e4/1e/52e41e96e052acf875a677aaeda87b0c,52e41e96e052acf875a677aaeda87b0c,application/pdf,ASU_SSEBE_CESEM_2012_CPR_002.pdf,619066.0,/attachments/82942/content/ASU_SSEBE_CESEM_2012_CPR_002.pdf,file,document,52/e4/1e/52e41e96e052acf875a677aaeda87b0c,,,51722,,,
2,13386,Life Cycle Assessment of Residential Solid Oxide Fuel Cells,82943,ASU_SSEBE_CESEM_2012_CPR_001.pdf,,,,,,,,,,,,,1,1,"{'type': [], 'title': [], 'subject': [], 'language': [], 'description': [], 'notes': [], 'contributor': [], 'series': [], 'extent': [], 'identifier': [], 'citation': []}",51723,1230.0,2012-05-02 18:43:48.090592+00:00,filestore/39/72/20/3972205c8700765db969a6a788b86747,3972205c8700765db969a6a788b86747,application/pdf,ASU_SSEBE_CESEM_2012_CPR_001.pdf,1597695.0,/attachments/82943/content/ASU_SSEBE_CESEM_2012_CPR_001.pdf,file,document,39/72/20/3972205c8700765db969a6a788b86747,,,51723,,,
3,13389,Lifecycle Assessment for a Devoted Religious Adherent,82944,ASU_SSEBE_CESEM_2012_CPR_004.pdf,,,,,,,,,,,,,1,1,"{'type': [], 'title': [], 'subject': [], 'language': [], 'description': [], 'notes': [], 'contributor': [], 'series': [], 'extent': [], 'identifier': [], 'citation': []}",51724,1253.0,2012-05-02 18:57:20.539583+00:00,filestore/31/9c/3b/319c3b117a0305b5efde725fb212bdc0,319c3b117a0305b5efde725fb212bdc0,application/pdf,ASU_SSEBE_CESEM_2012_CPR_004.pdf,924992.0,/attachments/82944/content/ASU_SSEBE_CESEM_2012_CPR_004.pdf,file,document,31/9c/3b/319c3b117a0305b5efde725fb212bdc0,,,51724,,,
4,13516,A framework and review for using life cycle assessment to inform eco-labeling of wild caught fisheries,85841,ASU_SSEBE_CESEM_2012_CPR_005.pdf,,,,,,,,,,,,,1,1,"{'type': [], 'title': [], 'subject': [], 'language': [], 'description': [], 'notes': [], 'contributor': [], 'series': [], 'extent': [], 'identifier': [], 'citation': []}",53811,996.0,2012-05-16 16:46:46.290282+00:00,filestore/17/c9/a7/17c9a735574eddf3dbb58be6d8a29f65,17c9a735574eddf3dbb58be6d8a29f65,application/pdf,ASU_SSEBE_CESEM_2012_CPR_005.pdf,392615.0,/attachments/85841/content/ASU_SSEBE_CESEM_2012_CPR_005.pdf,file,document,17/c9/a7/17c9a735574eddf3dbb58be6d8a29f65,,,53811,,,
5,13517,Where to Go From Here? Exploring Shrimp Farming LCA in Thailand,85842,ASU_SSEBE_CESEM_2012_CPR_006.pdf,,,,,,,,,,,,,1,1,"{'type': [], 'title': [], 'subject': [], 'language': [], 'description': [], 'notes': [], 'contributor': [], 'series': [], 'extent': [], 'identifier': [], 'citation': []}",53812,1714.0,2012-05-16 17:03:38.015561+00:00,filestore/16/44/d7/1644d7bc659c80a7144f2ae4a506c09d,1644d7bc659c80a7144f2ae4a506c09d,application/pdf,ASU_SSEBE_CESEM_2012_CPR_006.pdf,1157047.0,/attachments/85842/content/ASU_SSEBE_CESEM_2012_CPR_006.pdf,file,document,16/44/d7/1644d7bc659c80a7144f2ae4a506c09d,,,53812,,,
6,13518,Algae Growth for Lipid Production,85843,ASU_SSEBE_CESEM_2012_CPR_007.pdf,,,,,,,,,,,,,1,1,"{'type': [], 'title': [], 'subject': [], 'language': [], 'description': [], 'notes': [], 'contributor': [], 'series': [], 'extent': [], 'identifier': [], 'citation': []}",53813,2996.0,2012-05-16 17:27:47.122358+00:00,filestore/eb/07/dc/eb07dc044f1e8924f6b35e3f9ff3d505,eb07dc044f1e8924f6b35e3f9ff3d505,application/pdf,ASU_SSEBE_CESEM_2012_CPR_007.pdf,821710.0,/attachments/85843/content/ASU_SSEBE_CESEM_2012_CPR_007.pdf,file,document,eb/07/dc/eb07dc044f1e8924f6b35e3f9ff3d505,,,53813,,,
7,13519,"A Consequential Life Cycle Assessment of the SCEIP Financing Program for Residential Photovoltaics in Sonoma County, CA: determining the life cycle carbon and energy cost benefit",85844,ASU_SSEBE_CESEM_2012_CPR_008.pdf,,,,,,,,,,,,,1,1,"{'type': [], 'title': [], 'subject': [], 'language': [], 'description': [], 'notes': [], 'contributor': [], 'series': [], 'extent': [], 'identifier': [], 'citation': []}",53814,1001.0,2012-05-16 17:43:39.080595+00:00,filestore/4d/19/fa/4d19fa0b87b33ca88de961f0e6bd8293,4d19fa0b87b33ca88de961f0e6bd8293,application/pdf,ASU_SSEBE_CESEM_2012_CPR_008.pdf,887354.0,/attachments/85844/content/ASU_SSEBE_CESEM_2012_CPR_008.pdf,file,document,4d/19/fa/4d19fa0b87b33ca88de961f0e6bd8293,,,53814,,,
8,13520,Anticipatory Life Cycle Assessment of Single Wall Carbon Nanotube Anode Lithium ion Batteries,85845,ASU_SSEBE_CESEM_2012_CPR_009.pdf,,,,,,,,,,,,,1,1,"{'type': [], 'title': [], 'subject': [], 'language': [], 'description': [], 'notes': [], 'contributor': [], 'series': [], 'extent': [], 'identifier': [], 'citation': []}",53815,1840.0,2012-05-16 17:59:08.427857+00:00,filestore/b8/c7/14/b8c7149116c74560bdd273e4f84cf67c,b8c7149116c74560bdd273e4f84cf67c,application/pdf,ASU_SSEBE_CESEM_2012_CPR_009.pdf,806108.0,/attachments/85845/content/ASU_SSEBE_CESEM_2012_CPR_009.pdf,file,document,b8/c7/14/b8c7149116c74560bdd273e4f84cf67c,,,53815,,,
9,13521,Life cycle Assessment on the effectiveness of Germany's energy and climate policy,85846,ASU_SSEBE_CESEM_2012_CPR_010.pdf,,,,,,,,,,,,,1,1,"{'type': [], 'title': [], 'subject': [], 'language': [], 'description': [], 'notes': [], 'contributor': [], 'series': [], 'extent': [], 'identifier': [], 'citation': []}",53816,1820.0,2012-05-16 18:13:24.116018+00:00,filestore/53/7b/f1/537bf15bc470d243ea37b0e39860f4fc,537bf15bc470d243ea37b0e39860f4fc,application/pdf,ASU_SSEBE_CESEM_2012_CPR_010.pdf,1126327.0,/attachments/85846/content/ASU_SSEBE_CESEM_2012_CPR_010.pdf,file,document,53/7b/f1/537bf15bc470d243ea37b0e39860f4fc,,,53816,,,
10,13522,Future Life-Cycle Footprints of Passenger Transportation in San Francisco,85847,ASU_SSEBE_CESEM_2012_CPR_011.pdf,,,,,,,,,,,,,1,1,"{'type': [], 'title': [], 'subject': [], 'language': [], 'description': [], 'notes': [], 'contributor': [], 'series': [], 'extent': [], 'identifier': [], 'citation': []}",53817,856.0,2012-05-16 18:27:19.788546+00:00,filestore/0a/96/99/0a9699fd634bc3b61c1b10dce3c5d0d6,0a9699fd634bc3b61c1b10dce3c5d0d6,application/pdf,ASU_SSEBE_CESEM_2012_CPR_011.pdf,769611.0,/attachments/85847/content/ASU_SSEBE_CESEM_2012_CPR_011.pdf,file,document,0a/96/99/0a9699fd634bc3b61c1b10dce3c5d0d6,,,53817,,,
11,13602,"Urban Metabolism and the Energy-Water Nexus in Phoenix, Arizona",86584,ASU_SSEBE_CESEM_2012_CPR_012.pdf,,,,,,,,,,,,,1,1,"{'type': [], 'title': [], 'subject': [], 'language': [], 'description': [], 'notes': [], 'contributor': [], 'series': [], 'extent': [], 'identifier': [], 'citation': []}",54306,9564.0,2012-05-22 21:29:46.270715+00:00,filestore/ed/02/82/ed02821f0c4f3551f0cda1239b04400d,ed02821f0c4f3551f0cda1239b04400d,application/pdf,ASU_SSEBE_CESEM_2012_CPR_012.pdf,2068990.0,/attachments/86584/content/ASU_SSEBE_CESEM_2012_CPR_012.pdf,file,document,ed/02/82/ed02821f0c4f3551f0cda1239b04400d,,,54306,,,
12,14198,Methodology for the Environmental Life-cycle Assessment of Los Angeles Metro’s Orange Bus Rapid Transit  and Gold Light Rail Transit Lines,92943,chester-ASU-SSEBE-CESEM-2012-WPS-002.pdf,,,,,,,,,,,,,1,1,"{'type': [], 'title': [], 'subject': [], 'language': [], 'description': [], 'notes': [], 'contributor': [], 'series': [], 'extent': [], 'identifier': [], 'citation': []}",60121,1241.0,2012-07-30 21:43:11.330193+00:00,filestore/33/c0/9a/33c09a96edd641ff529d278b415c5a59,33c09a96edd641ff529d278b415c5a59,application/pdf,chester-ASU-SSEBE-CESEM-2012-WPS-002.pdf,3151511.0,/attachments/92943/content/chester-ASU-SSEBE-CESEM-2012-WPS-002.pdf,file,document,33/c0/9a/33c09a96edd641ff529d278b415c5a59,,,60121,,,
13,14236,Life Cycle Assessment of Ecosystem Services for Phoenix’s Building Stock,93075,ferrell-ASU-SSEBE-CESEM-2012-RPR-001.pdf,,,,,,,,,,,,,1,1,"{'type': [], 'title': [], 'subject': [], 'language': [], 'description': [], 'notes': [], 'contributor': [], 'series': [], 'extent': [], 'identifier': [], 'citation': []}",60286,4714.0,2012-08-23 23:50:03.027919+00:00,filestore/8d/80/e2/8d80e20d2ba1791810d4b92cb25520a8,8d80e20d2ba1791810d4b92cb25520a8,application/pdf,ferrell-ASU-SSEBE-CESEM-2012-RPR-001.pdf,617590.0,/attachments/93075/content/ferrell-ASU-SSEBE-CESEM-2012-RPR-001.pdf,file,document,8d/80/e2/8d80e20d2ba1791810d4b92cb25520a8,,,60286,,,
14,14223,Environmental Life-cycle Assessment of Los Angeles Metro’s Orange Bus Rapid Transit and Gold Light Rail Transit Lines,94226,Project Working Paper,,,,,,,,,,,,,1,1,"{'type': [], 'title': [], 'subject': [], 'language': [], 'description': [], 'notes': [], 'contributor': [], 'series': [], 'extent': [], 'identifier': [], 'citation': []}",61470,5567.0,2012-09-04 15:42:01.629628+00:00,filestore/d3/40/89/d34089ba73d261f1890668922745dd27,d34089ba73d261f1890668922745dd27,application/pdf,chester-ASU-SSEBE-CESEM-2012-WPS-003.pdf,4664345.0,/attachments/94226/content/chester-ASU-SSEBE-CESEM-2012-WPS-003.pdf,file,document,d3/40/89/d34089ba73d261f1890668922745dd27,,,61470,,,
15,94565,Policy Brief: Transit-oriented Development Infill in Phoenix Can Reduce Future Transportation and Land Use Life-cycle Environmental Impacts,94565,chester-ASU-SSEBE-CESEM-2012-RPR-002.pdf,,,,,,,,,,,,,1,1,"{'type': [], 'title': [], 'subject': [], 'language': [], 'description': [], 'notes': [], 'contributor': [], 'series': [], 'extent': [], 'identifier': [], 'citation': []}",61470,,,,,,,,,file,document,,15341,,,,,
16,96641,Smart Growth Along the Proposed Phoenix Light Rail Expansion Lines Can Reduce Future Urban Energy Consumption and Environmental Impacts,96641,ASU_SSEBE_CESEM_2012_CPR_013.pdf,,,,,,,,,,,,,1,1,"{'type': [], 'title': [], 'subject': [], 'language': [], 'description': [], 'notes': [], 'contributor': [], 'series': [], 'extent': [], 'identifier': [], 'citation': []}",64961,9426.0,2012-12-19 4:21:54.893528+00:00,filestore/c6/a5/2d/c6a52d4aeb0b9f66196f02257cfd9277,c6a52d4aeb0b9f66196f02257cfd9277,application/pdf,ASU_SSEBE_CESEM_2012_CPR_013.pdf,2871876.0,/attachments/96641/content/ASU_SSEBE_CESEM_2012_CPR_013.pdf,file,document,c6/a5/2d/c6a52d4aeb0b9f66196f02257cfd9277,15667,,64961,,,
17,16659,The Phoenix Imperative: An Alternative Maturity Model for Systems Engineering Service Providers,106179,ASU_SSEBE_CESEM_2013_WPS_003.pdf,,,,,,,,,,,,,1,1,"{'type': [], 'title': [], 'subject': [], 'language': [], 'description': [], 'notes': [], 'contributor': [], 'series': [], 'extent': [], 'identifier': [], 'citation': []}",76730,685.0,2013-04-17 23:10:15.185476+00:00,filestore/a8/7b/09/a87b096cef43dd3bd8106ea672796766,a87b096cef43dd3bd8106ea672796766,application/pdf,ASU_SSEBE_CESEM_2013_WPS_003.pdf,407244.0,/attachments/106179/content/ASU_SSEBE_CESEM_2013_WPS_003.pdf,file,document,a8/7b/09/a87b096cef43dd3bd8106ea672796766,,,76730,,,
18,16658,Summary of Allenby’s ESEM Principles,106268,ASU_SSEBE_CESEM_2013_WPS_002.pdf,,,,,,,,,,,,,1,1,"{'type': [], 'title': [], 'subject': [], 'language': [], 'description': [], 'notes': [], 'contributor': [], 'series': [], 'extent': [], 'identifier': [], 'citation': []}",76936,2267.0,2013-04-18 19:54:04.734126+00:00,filestore/3c/44/de/3c44de2c8a9c613b0f42cd5676fab868,3c44de2c8a9c613b0f42cd5676fab868,application/pdf,ASU_SSEBE_CESEM_2013_WPS_002.pdf,309653.0,/attachments/106268/content/ASU_SSEBE_CESEM_2013_WPS_002.pdf,file,document,3c/44/de/3c44de2c8a9c613b0f42cd5676fab868,,,76936,,,
19,16764,Policy Brief: Infrastructure and Automobile Shifts: Positioning Transit to Reduce Life-cycle Environmental Impacts for Urban Sustainability Goals,106459,chester-ASU-SSEBE-CESEM-2013-RPR-001.pdf,,,,,,,,,,,,,1,1,"{'type': [], 'title': [], 'subject': [], 'language': [], 'description': [], 'notes': [], 'contributor': [], 'series': [], 'extent': [], 'identifier': [], 'citation': []}",77109,1066.0,2013-04-25 4:54:06.498690+00:00,filestore/ff/7f/40/ff7f40da41f5661a1a471469da2753ae,ff7f40da41f5661a1a471469da2753ae,application/pdf,chester-ASU-SSEBE-CESEM-2013-RPR-001.pdf,632418.0,/attachments/106459/content/chester-ASU-SSEBE-CESEM-2013-RPR-001.pdf,file,document,ff/7f/40/ff7f40da41f5661a1a471469da2753ae,,,77109,,,
20,17479,Producing a Legally Autonomous Adult: Foster Care as a System Expansion in Life-Cycle Assessment,108284,ASU_SSEBE_CESEM_2013_CPR_001.pdf,,,,,,,,,,,,,1,1,"{'type': [], 'title': [], 'subject': [], 'language': [], 'description': [], 'notes': [], 'contributor': [], 'series': [], 'extent': [], 'identifier': [], 'citation': []}",78789,1078.0,2013-05-31 22:19:43.994606+00:00,filestore/a8/b9/93/a8b993b654b12fee1ea24c0bd2504815,a8b993b654b12fee1ea24c0bd2504815,application/pdf,ASU_SSEBE_CESEM_2013_CPR_001.pdf,1864618.0,/attachments/108284/content/ASU_SSEBE_CESEM_2013_CPR_001.pdf,file,document,a8/b9/93/a8b993b654b12fee1ea24c0bd2504815,,,78789,,,
21,17480,Life Cycle Costing Assessment: A Building Information Model (BIM) Investment Evaluation for General Contractors in the Construction Industry,108285,ASU_SSEBE_CESEM_2013_CPR_002.pdf,,,,,,,,,,,,,1,1,"{'type': [], 'title': [], 'subject': [], 'language': [], 'description': [], 'notes': [], 'contributor': [], 'series': [], 'extent': [], 'identifier': [], 'citation': []}",78790,1789.0,2013-05-31 22:30:13.352874+00:00,filestore/f2/3e/28/f23e2819f195e30f7aed6bc80e4b52df,f23e2819f195e30f7aed6bc80e4b52df,application/pdf,ASU_SSEBE_CESEM_2013_CPR_002.pdf,398040.0,/attachments/108285/content/ASU_SSEBE_CESEM_2013_CPR_002.pdf,file,document,f2/3e/28/f23e2819f195e30f7aed6bc80e4b52df,,,78790,,,
22,17481,Life Cycle Assessment of Switchgrass Ethanol for Arizona,108286,ASU_SSEBE_CESEM_2013_CPR_004.pdf,,,,,,,,,,,,,1,1,"{'type': [], 'title': [], 'subject': [], 'language': [], 'description': [], 'notes': [], 'contributor': [], 'series': [], 'extent': [], 'identifier': [], 'citation': []}",78791,2040.0,2013-05-31 22:40:42.349879+00:00,filestore/bb/80/e2/bb80e2a68e7a43221fe80f43e5d74ba3,bb80e2a68e7a43221fe80f43e5d74ba3,application/pdf,ASU_SSEBE_CESEM_2013_CPR_004.pdf,1080603.0,/attachments/108286/content/ASU_SSEBE_CESEM_2013_CPR_004.pdf,file,document,bb/80/e2/bb80e2a68e7a43221fe80f43e5d74ba3,,,78791,,,
23,17483,"Attributional Life Cycle Assessment: Emissions, Greenhouse Gas, and Costs for Palm Fronds Attributed to the City of Phoenix",108288,ASU_SSEBE_CESEM_2013_CPR_006.pdf,,,,,,,,,,,,,1,1,"{'type': [], 'title': [], 'subject': [], 'language': [], 'description': [], 'notes': [], 'contributor': [], 'series': [], 'extent': [], 'identifier': [], 'citation': []}",78793,1687.0,2013-05-31 22:53:12.971905+00:00,filestore/b1/85/cc/b185cc0581603e8e7994f1f16d9b6510,b185cc0581603e8e7994f1f16d9b6510,application/pdf,ASU_SSEBE_CESEM_2013_CPR_006.pdf,2622990.0,/attachments/108288/content/ASU_SSEBE_CESEM_2013_CPR_006.pdf,file,document,b1/85/cc/b185cc0581603e8e7994f1f16d9b6510,,,78793,,,
24,17484,Finding Your Dog's Ecological 'Pawprint': A Hybrid EIO-LCA of Dog Food Manufacturing,108289,ASU_SSEBE_CESEM_2013_CPR_005.pdf,,,,,,,,,,,,,1,1,"{'type': [], 'title': [], 'subject': [], 'language': [], 'description': [], 'notes': [], 'contributor': [], 'series': [], 'extent': [], 'identifier': [], 'citation': []}",78794,3943.0,2013-05-31 23:22:41.414649+00:00,filestore/51/e0/e4/51e0e469dfdcb37862a96d567d2baae9,51e0e469dfdcb37862a96d567d2baae9,application/pdf,ASU_SSEBE_CESEM_2013_CPR_005.pdf,327964.0,/attachments/108289/content/ASU_SSEBE_CESEM_2013_CPR_005.pdf,file,document,51/e0/e4/51e0e469dfdcb37862a96d567d2baae9,,,78794,,,
25,17485,"Life Cycle Assessment of Two End-of-Life Scenarios for Glass Bottles on a Micro Level: Arizona State University, Tempe Campus",108290,ASU_SSEBE_CESEM_2013_CPR_007.pdf,,,,,,,,,,,,,1,1,"{'type': [], 'title': [], 'subject': [], 'language': [], 'description': [], 'notes': [], 'contributor': [], 'series': [], 'extent': [], 'identifier': [], 'citation': []}",78795,1003.0,2013-05-31 23:30:07.158069+00:00,filestore/fc/9a/45/fc9a45fe9802fe8a49620b02b2166813,fc9a45fe9802fe8a49620b02b2166813,application/pdf,ASU_SSEBE_CESEM_2013_CPR_007.pdf,842210.0,/attachments/108290/content/ASU_SSEBE_CESEM_2013_CPR_007.pdf,file,document,fc/9a/45/fc9a45fe9802fe8a49620b02b2166813,,,78795,,,
26,17487,An Attributional Life Cycle Assessment of Hemcrete,108292,ASU_SSEBE_CESEM_2013_CPR_008.pdf,,,,,,,,,,,,,1,1,"{'type': [], 'title': [], 'subject': [], 'language': [], 'description': [], 'notes': [], 'contributor': [], 'series': [], 'extent': [], 'identifier': [], 'citation': []}",78797,2503.0,2013-05-31 23:38:40.081016+00:00,filestore/8d/51/a2/8d51a26a2d08f730807bbf8d1a84e68f,8d51a26a2d08f730807bbf8d1a84e68f,application/pdf,ASU_SSEBE_CESEM_2013_CPR_008.pdf,1882207.0,/attachments/108292/content/ASU_SSEBE_CESEM_2013_CPR_008.pdf,file,document,8d/51/a2/8d51a26a2d08f730807bbf8d1a84e68f,,,78797,,,
27,17488,The Comparative Life Cycle Assessment of Structural Retrofit Techniques,108293,ASU_SSEBE_CESEM_2013_CPR_009.pdf,,,,,,,,,,,,,1,1,"{'type': [], 'title': [], 'subject': [], 'language': [], 'description': [], 'notes': [], 'contributor': [], 'series': [], 'extent': [], 'identifier': [], 'citation': []}",78798,2784.0,2013-05-31 23:45:02.229190+00:00,filestore/5d/78/19/5d7819c7c37f221a439201b10572cb74,5d7819c7c37f221a439201b10572cb74,application/pdf,ASU_SSEBE_CESEM_2013_CPR_009.pdf,703021.0,/attachments/108293/content/ASU_SSEBE_CESEM_2013_CPR_009.pdf,file,document,5d/78/19/5d7819c7c37f221a439201b10572cb74,,,78798,,,
28,17489,Life Cycle Assessment & Public Policy: Supporting Precautionary Principle Decision-Making,108294,ASU_SSEBE_CESEM_2013_CPR_010.pdf,,,,,,,,,,,,,1,1,"{'type': [], 'title': [], 'subject': [], 'language': [], 'description': [], 'notes': [], 'contributor': [], 'series': [], 'extent': [], 'identifier': [], 'citation': []}",78799,675.0,2013-05-31 23:53:25.306609+00:00,filestore/72/07/84/720784cf68f8d523c8f5078c249d100d,720784cf68f8d523c8f5078c249d100d,application/pdf,ASU_SSEBE_CESEM_2013_CPR_010.pdf,249037.0,/attachments/108294/content/ASU_SSEBE_CESEM_2013_CPR_010.pdf,file,document,72/07/84/720784cf68f8d523c8f5078c249d100d,,,78799,,,
29,17490,Comparative Life Cycle Assessment of Reused Versus Disposable Dental Burs,108295,ASU_SSEBE_CESEM_2013_CPR_011.pdf,,,,,,,,,,,,,1,1,"{'type': [], 'title': [], 'subject': [], 'language': [], 'description': [], 'notes': [], 'contributor': [], 'series': [], 'extent': [], 'identifier': [], 'citation': []}",78800,1259.0,2013-06-01 0:00:48.965747+00:00,filestore/c0/c7/db/c0c7dbf8c892275e0b23b7c26d56ea75,c0c7dbf8c892275e0b23b7c26d56ea75,application/pdf,ASU_SSEBE_CESEM_2013_CPR_011.pdf,562510.0,/attachments/108295/content/ASU_SSEBE_CESEM_2013_CPR_011.pdf,file,document,c0/c7/db/c0c7dbf8c892275e0b23b7c26d56ea75,,,78800,,,
30,16574,Life-cycle Greenhouse Gas Emissions and Costs of the Deployment of the Los Angeles Roadway Network,111067,fraser_chester_la_road_lca_2013_WPS_001v2.pdf,,,,,,,,,,,,,1,1,"{'type': [], 'title': [], 'subject': [], 'language': [], 'description': [], 'notes': [], 'contributor': [], 'series': [], 'extent': [], 'identifier': [], 'citation': []}",82968,1488.0,2013-08-05 22:50:20.144331+00:00,filestore/c3/53/4d/c3534dadeb18d6ecd3d61b552decb9fb,c3534dadeb18d6ecd3d61b552decb9fb,application/pdf,fraser_chester_la_road_lca_2013_WPS_001v2.pdf,851197.0,/attachments/111067/content/fraser_chester_la_road_lca_2013_WPS_001v2.pdf,file,document,c3/53/4d/c3534dadeb18d6ecd3d61b552decb9fb,,,82968,,,
31,18211,Metropolitan-scale Building Infrastructure Environmental Life Cycle Assessment: Los Angeles’ Embedded Impacts,111068,20130805_reyna_chester_SEBE-CESEM-2013-WPS-004.pdf,,,,,,,,,,,,,1,1,"{'type': [], 'title': [], 'subject': [], 'language': [], 'description': [], 'notes': [], 'contributor': [], 'series': [], 'extent': [], 'identifier': [], 'citation': []}",82969,4092.0,2013-08-05 23:06:17.356447+00:00,filestore/cb/80/3d/cb803d1b6d8a138d091513141e2634a4,cb803d1b6d8a138d091513141e2634a4,application/pdf,20130805_reyna_chester_SEBE-CESEM-2013-WPS-004.pdf,1007215.0,/attachments/111068/content/20130805_reyna_chester_SEBE-CESEM-2013-WPS-004.pdf,file,document,cb/80/3d/cb803d1b6d8a138d091513141e2634a4,,,82969,,,
32,18325,Policy Brief: Developing Safer Alternatives to Conventional Plastics and Supporting the Use of Reusable Products Can Reduce Harm to Health and the Environment,111436,plastics_ASU_policy_brief_2013_RPR_002.pdf,,,,,,,,,,,,,1,1,"{'type': [], 'title': [], 'subject': [], 'language': [], 'description': [], 'notes': [], 'contributor': [], 'series': [], 'extent': [], 'identifier': [], 'citation': []}",83358,308.0,2013-08-20 17:13:59.271993+00:00,filestore/4e/5b/18/4e5b1854a758f88a8329c532e6cf6a5e,4e5b1854a758f88a8329c532e6cf6a5e,application/pdf,plastics_ASU_policy_brief_2013_RPR_002.pdf,103894.0,/attachments/111436/content/plastics_ASU_policy_brief_2013_RPR_002.pdf,file,document,4e/5b/18/4e5b1854a758f88a8329c532e6cf6a5e,,,83358,,,
33,18408,Human and Organizational Factors that Contributed to the US-Canadian August 2003 Electricity Grid Blackout,111667,chester_northeast_blackout_sept2013.pdf,,,,,,,,,,,,,1,1,"{'type': [], 'title': [], 'subject': [], 'language': [], 'description': [], 'notes': [], 'contributor': [], 'series': [], 'extent': [], 'identifier': [], 'citation': []}",83596,4390.0,2013-09-02 22:03:50.426814+00:00,filestore/10/ff/d2/10ffd2732f53162f167a1b3b45f15deb,10ffd2732f53162f167a1b3b45f15deb,application/pdf,chester_northeast_blackout_sept2013.pdf,2605610.0,/attachments/111667/content/chester_northeast_blackout_sept2013.pdf,file,document,10/ff/d2/10ffd2732f53162f167a1b3b45f15deb,,,83596,,,
34,18862,Environmental Life Cycle Assessment of San Francisco Bay Area Muni Light Rail and Rapid Transit with Wholesale and Renewable Electricity,115223,chester_sfba_rail_lca_oct2013.pdf,,,,,,,,,,,,,1,1,"{'type': [], 'title': [], 'subject': [], 'language': [], 'description': [], 'notes': [], 'contributor': [], 'series': [], 'extent': [], 'identifier': [], 'citation': []}",89354,1131.0,2013-10-15 4:16:41.773124+00:00,filestore/e0/12/40/e012402b635ba17a801c4efb35c4a52a,e012402b635ba17a801c4efb35c4a52a,application/pdf,chester_sfba_rail_lca_oct2013.pdf,323749.0,/attachments/115223/content/chester_sfba_rail_lca_oct2013.pdf,file,document,e0/12/40/e012402b635ba17a801c4efb35c4a52a,,,89354,,,
35,134588,"The Water, Energy, & Infrastructure Co-benefits of Smart Growth Planning in Phoenix",134588,Technical Report,,,,,,,,,,,,,1,1,"{'type': [], 'title': [], 'subject': [], 'language': [], 'description': [], 'notes': [], 'contributor': [], 'series': [], 'extent': [], 'identifier': [], 'citation': []}",113559,6274.0,2014-06-03 20:22:25.976518+00:00,filestore/c3/74/04/c374047bb7ce359ca39759d255b9ec89,c374047bb7ce359ca39759d255b9ec89,application/pdf,asu-cobenefits-phoenix-smart-growth.pdf,4261307.0,/attachments/134588/content/asu-cobenefits-phoenix-smart-growth.pdf,file,document,c3/74/04/c374047bb7ce359ca39759d255b9ec89,23060,,113559,,,
36,25228,Assessing Future Extreme Heat Events at Intra-urban Scales: A Comparative Study of Phoenix and Los Angeles,135292,Future Extreme Heat Events in the US Southwest Report,,,,,,,,,,,,,1,1,"{'type': [], 'title': [], 'subject': [], 'language': [], 'description': [], 'notes': [], 'contributor': [], 'series': [], 'extent': [], 'identifier': [], 'citation': []}",114283,4497.0,2014-06-12 20:21:47.650943+00:00,filestore/3a/73/f4/3a73f4fdec7277bac039ef9b39fd2515,3a73f4fdec7277bac039ef9b39fd2515,application/pdf,barto_chester_2014_southwest_EHEs.pdf,1879647.0,/attachments/135292/content/barto_chester_2014_southwest_EHEs.pdf,file,document,3a/73/f4/3a73f4fdec7277bac039ef9b39fd2515,,,114283,,,
37,25237,Life Cycle Assessment of Pre-cast Concrete vs. Cast-in-place Concrete,135303,ASU-SSEBE-CESEM-2014-CPR-002.pdf,,,,,,,,,,,,,1,1,"{'type': [], 'title': [], 'subject': [], 'language': [], 'description': [], 'notes': [], 'contributor': [], 'series': [], 'extent': [], 'identifier': [], 'citation': []}",114295,5920.0,2014-06-13 17:16:58.175616+00:00,filestore/ed/2f/1f/ed2f1f18639213f52f4f6dfbde6878ed,ed2f1f18639213f52f4f6dfbde6878ed,application/pdf,ASU-SSEBE-CESEM-2014-CPR-002.pdf,1100458.0,/attachments/135303/content/ASU-SSEBE-CESEM-2014-CPR-002.pdf,file,document,ed/2f/1f/ed2f1f18639213f52f4f6dfbde6878ed,,,114295,,,
38,25238,Comparative Life Cycle Assessment of Lamps Used in a Classroom at Arizona State University,135304,ASU-SSEBE-CESEM-2014-CPR-003.pdf,,,,,,,,,,,,,1,1,"{'type': [], 'title': [], 'subject': [], 'language': [], 'description': [], 'notes': [], 'contributor': [], 'series': [], 'extent': [], 'identifier': [], 'citation': []}",114296,2274.0,2014-06-13 17:24:27.379922+00:00,filestore/62/8b/56/628b5658fe64a9fb433bf836c2f79b14,628b5658fe64a9fb433bf836c2f79b14,application/pdf,ASU-SSEBE-CESEM-2014-CPR-003.pdf,1408176.0,/attachments/135304/content/ASU-SSEBE-CESEM-2014-CPR-003.pdf,file,document,62/8b/56/628b5658fe64a9fb433bf836c2f79b14,,,114296,,,
39,25239,California High Speed Resilience to Climate Change,135305,ASU-SSEBE-CESEM-2014-CPR-004.pdf,,,,,,,,,,,,,1,1,"{'type': [], 'title': [], 'subject': [], 'language': [], 'description': [], 'notes': [], 'contributor': [], 'series': [], 'extent': [], 'identifier': [], 'citation': []}",114297,1398.0,2014-06-13 17:29:39.290769+00:00,filestore/91/a7/10/91a7106ef3cc690f5fcc88df15da58a4,91a7106ef3cc690f5fcc88df15da58a4,application/pdf,ASU-SSEBE-CESEM-2014-CPR-004.pdf,1987329.0,/attachments/135305/content/ASU-SSEBE-CESEM-2014-CPR-004.pdf,file,document,91/a7/10/91a7106ef3cc690f5fcc88df15da58a4,,,114297,,,
40,25240,Consumer Product Life Cycle Assessment Aveeno® Daily Moisturizing Lotion,135306,ASU-SSEBE-CESEM-2014-CPR-005.pdf,,,,,,,,,,,,,1,1,"{'type': [], 'title': [], 'subject': [], 'language': [], 'description': [], 'notes': [], 'contributor': [], 'series': [], 'extent': [], 'identifier': [], 'citation': []}",114298,6724.0,2014-06-13 17:33:51.093890+00:00,filestore/8a/3c/be/8a3cbe612eef038e9f0138e76500c86e,8a3cbe612eef038e9f0138e76500c86e,application/pdf,ASU-SSEBE-CESEM-2014-CPR-005.pdf,1067795.0,/attachments/135306/content/ASU-SSEBE-CESEM-2014-CPR-005.pdf,file,document,8a/3c/be/8a3cbe612eef038e9f0138e76500c86e,,,114298,,,
41,25241,Comparative Life Cycle Assessment of Nano-Metal Embedded Water Treatment Resins,135307,ASU-SSEBE-CESEM-2014-CPR-006.pdf,,,,,,,,,,,,,1,1,"{'type': [], 'title': [], 'subject': [], 'language': [], 'description': [], 'notes': [], 'contributor': [], 'series': [], 'extent': [], 'identifier': [], 'citation': []}",114299,1262.0,2014-06-13 17:36:21.410680+00:00,filestore/8a/48/22/8a4822d25cd79238ec353d044c3c9ce5,8a4822d25cd79238ec353d044c3c9ce5,application/pdf,ASU-SSEBE-CESEM-2014-CPR-006.pdf,1690069.0,/attachments/135307/content/ASU-SSEBE-CESEM-2014-CPR-006.pdf,file,document,8a/48/22/8a4822d25cd79238ec353d044c3c9ce5,,,114299,,,
42,25242,Phoenix Medical Waste Disposal LCA,135308,ASU-SSEBE-CESEM-2014-CPR-007.pdf,,,,,,,,,,,,,1,1,"{'type': [], 'title': [], 'subject': [], 'language': [], 'description': [], 'notes': [], 'contributor': [], 'series': [], 'extent': [], 'identifier': [], 'citation': []}",114300,1855.0,2014-06-13 17:40:12.219863+00:00,filestore/96/8e/c5/968ec56bf7d4c71e04fb002d98257f5e,968ec56bf7d4c71e04fb002d98257f5e,application/pdf,ASU-SSEBE-CESEM-2014-CPR-007.pdf,717249.0,/attachments/135308/content/ASU-SSEBE-CESEM-2014-CPR-007.pdf,file,document,96/8e/c5/968ec56bf7d4c71e04fb002d98257f5e,,,114300,,,
43,25243,A Life Cycle Assessment of Alternative Wastewater Treatment Processes at Forward Operation Bases (FOBs),135309,ASU-SSEBE-CESEM-2014-CPR-008.pdf,,,,,,,,,,,,,1,1,"{'type': [], 'title': [], 'subject': [], 'language': [], 'description': [], 'notes': [], 'contributor': [], 'series': [], 'extent': [], 'identifier': [], 'citation': []}",114301,4570.0,2014-06-13 17:49:06.915473+00:00,filestore/67/24/0f/67240f60fc18cfa194f55fcbf1157222,67240f60fc18cfa194f55fcbf1157222,application/pdf,ASU-SSEBE-CESEM-2014-CPR-008.pdf,2644078.0,/attachments/135309/content/ASU-SSEBE-CESEM-2014-CPR-008.pdf,file,document,67/24/0f/67240f60fc18cfa194f55fcbf1157222,,,114301,,,
44,25244,A Life Cycle Assessment of Phosphorous,135310,ASU-SSEBE-CESEM-2014-CPR-009.pdf,,,,,,,,,,,,,1,1,"{'type': [], 'title': [], 'subject': [], 'language': [], 'description': [], 'notes': [], 'contributor': [], 'series': [], 'extent': [], 'identifier': [], 'citation': []}",114302,1452.0,2014-06-13 17:55:28.096912+00:00,filestore/26/0b/af/260baf051538afa2e304fa53f6c61d69,260baf051538afa2e304fa53f6c61d69,application/pdf,ASU-SSEBE-CESEM-2014-CPR-009.pdf,1238187.0,/attachments/135310/content/ASU-SSEBE-CESEM-2014-CPR-009.pdf,file,document,26/0b/af/260baf051538afa2e304fa53f6c61d69,,,114302,,,
45,25405,Future Electricity Supply Vulnerability and Climate Change: A Case Study of Maricopa and Los Angeles Counties,135843,ASU-CESEM-2014-WPS-003-sivaraman.pdf,,,,,,,,,,,,,1,1,"{'type': [], 'title': [], 'subject': [], 'language': [], 'description': [], 'notes': [], 'contributor': [], 'series': [], 'extent': [], 'identifier': [], 'citation': []}",114980,4221.0,2014-07-21 20:18:04.441415+00:00,filestore/21/03/98/210398c586fcbdc03d0c2bc5670d4166,210398c586fcbdc03d0c2bc5670d4166,application/pdf,ASU-CESEM-2014-WPS-003-sivaraman.pdf,1089644.0,/attachments/135843/content/ASU-CESEM-2014-WPS-003-sivaraman.pdf,file,document,21/03/98/210398c586fcbdc03d0c2bc5670d4166,,,114980,,,
46,25404,Methodology for Estimating Electricity Generation Vulnerability to Climate Change Using a Physically-based Modelling System,135844,ASU-CESEM-2014-WPS-002-bartos.pdf,,,,,,,,,,,,,1,1,"{'type': [], 'title': [], 'subject': [], 'language': [], 'description': [], 'notes': [], 'contributor': [], 'series': [], 'extent': [], 'identifier': [], 'citation': []}",114981,4771.0,2014-07-21 20:18:26.431257+00:00,filestore/43/69/21/4369211e52177d9154102ed89658daf2,4369211e52177d9154102ed89658daf2,application/pdf,ASU-CESEM-2014-WPS-002-bartos.pdf,916883.0,/attachments/135844/content/ASU-CESEM-2014-WPS-002-bartos.pdf,file,document,43/69/21/4369211e52177d9154102ed89658daf2,,,114981,,,
47,27260,No Right Answer: A Feasibility Study of Essay Assessment with LDA,142894,ASU-SSEBE-CESEM-2013-RPR-005.pdf,,,,,,,,,,,,,1,1,"{'type': [], 'title': [], 'subject': [], 'language': [], 'description': [], 'notes': [], 'contributor': [], 'series': [], 'extent': [], 'identifier': [], 'citation': []}",123691,1531.0,2015-01-16 16:04:20.022542+00:00,filestore/d6/d2/76/d6d276905a999fa87ee1351881e2271b,d6d276905a999fa87ee1351881e2271b,application/pdf,ASU-SSEBE-CESEM-2013-RPR-005.pdf,1029306.0,/attachments/142894/content/ASU-SSEBE-CESEM-2013-RPR-005.pdf,file,document,d6/d2/76/d6d276905a999fa87ee1351881e2271b,,,123691,,,
48,27261,Earth Systems Engineering and Management as Governance,142895,ASU-SSEBE-CESEM-2011-RPR-001.pdf,,,,,,,,,,,,,1,1,"{'type': [], 'title': [], 'subject': [], 'language': [], 'description': [], 'notes': [], 'contributor': [], 'series': [], 'extent': [], 'identifier': [], 'citation': []}",123692,760.0,2015-01-16 16:06:53.078571+00:00,filestore/cf/43/b5/cf43b52aa6522ddcb2bfc326365e0bf2,cf43b52aa6522ddcb2bfc326365e0bf2,application/pdf,ASU-SSEBE-CESEM-2011-RPR-001.pdf,677426.0,/attachments/142895/content/ASU-SSEBE-CESEM-2011-RPR-001.pdf,file,document,cf/43/b5/cf43b52aa6522ddcb2bfc326365e0bf2,,,123692,,,
49,27262,Worrying About Our (Neuro) Image: How much does fMRI really reveal about us?,142896,ASU-SSEBE-CESEM-2011-RPR-002.pdf,,,,,,,,,,,,,1,1,"{'type': [], 'title': [], 'subject': [], 'language': [], 'description': [], 'notes': [], 'contributor': [], 'series': [], 'extent': [], 'identifier': [], 'citation': []}",123693,1960.0,2015-01-16 16:08:36.197507+00:00,filestore/59/d0/12/59d01273dba979b7d051511ae9fa0bfd,59d01273dba979b7d051511ae9fa0bfd,application/pdf,ASU-SSEBE-CESEM-2011-RPR-002.pdf,958546.0,/attachments/142896/content/ASU-SSEBE-CESEM-2011-RPR-002.pdf,file,document,59/d0/12/59d01273dba979b7d051511ae9fa0bfd,,,123693,,,
50,27263,My Kingdom for a Toolsmith! The IRIDIUM system specification through the lens of Actor-Network Theory,142897,ASU-SSEBE-CESEM-2010-RPR-001.pdf,,,,,,,,,,,,,1,1,"{'type': [], 'title': [], 'subject': [], 'language': [], 'description': [], 'notes': [], 'contributor': [], 'series': [], 'extent': [], 'identifier': [], 'citation': []}",123694,1177.0,2015-01-16 16:10:11.194266+00:00,filestore/dc/7e/08/dc7e08a8179a58f4aaa4ac74b89db248,dc7e08a8179a58f4aaa4ac74b89db248,application/pdf,ASU-SSEBE-CESEM-2010-RPR-001.pdf,768607.0,/attachments/142897/content/ASU-SSEBE-CESEM-2010-RPR-001.pdf,file,document,dc/7e/08/dc7e08a8179a58f4aaa4ac74b89db248,,,123694,,,
51,27264,Robèrt Forgot Goulet: Augmenting TNS with the Capabilities Approach to support the Social Dimensions of Sustainability,142898,ASU-SSEBE-CESEM-2012-RPR-003.pdf,,,,,,,,,,,,,1,1,"{'type': [], 'title': [], 'subject': [], 'language': [], 'description': [], 'notes': [], 'contributor': [], 'series': [], 'extent': [], 'identifier': [], 'citation': []}",123695,740.0,2015-01-16 16:12:12.292430+00:00,filestore/5e/3c/fa/5e3cfac7fbabbeba96ee50222cd5bc16,5e3cfac7fbabbeba96ee50222cd5bc16,application/pdf,ASU-SSEBE-CESEM-2012-RPR-003.pdf,931197.0,/attachments/142898/content/ASU-SSEBE-CESEM-2012-RPR-003.pdf,file,document,5e/3c/fa/5e3cfac7fbabbeba96ee50222cd5bc16,,,123695,,,
52,29203,Frameworks for Assessing the Vulnerability of U.S. Rail Systems to Extreme Heat and Flooding,148642,utc_chester_rail_climate_change_vulnerability.pdf,,,,,,,,,,,,,1,1,"{'type': [], 'title': [], 'subject': [], 'language': [], 'description': [], 'notes': [], 'contributor': [], 'series': [], 'extent': [], 'identifier': [], 'citation': []}",130053,3130.0,2015-04-30 18:06:58.982063+00:00,filestore/56/8f/f8/568ff8b42825d8cd7082ecd9d07a95ea,568ff8b42825d8cd7082ecd9d07a95ea,application/pdf,utc_chester_rail_climate_change_vulnerability.pdf,931189.0,/attachments/148642/content/utc_chester_rail_climate_change_vulnerability.pdf,file,document,56/8f/f8/568ff8b42825d8cd7082ecd9d07a95ea,,,130053,,,
53,151368,"Urban Infrastructure Design and Heat Vulnerability: Rethinking Infrastructure in Mesa, Arizona",151368,Project Report,,,,,,,,,,,,,1,1,"{'type': [], 'title': [], 'subject': [], 'language': [], 'description': [], 'notes': [], 'contributor': [], 'series': [], 'extent': [], 'identifier': [], 'citation': []}",132770,3980.0,2015-06-10 4:38:36.476947+00:00,filestore/ac/cb/85/accb85eeb4fa7703ecd5502bd5c9754b,accb85eeb4fa7703ecd5502bd5c9754b,application/pdf,asu_uia_Spring2015_heat_vulnerability_mesa_az.pdf,3510736.0,/attachments/151368/content/asu_uia_Spring2015_heat_vulnerability_mesa_az.pdf,file,document,ac/cb/85/accb85eeb4fa7703ecd5502bd5c9754b,29061,,132770,,,
54,35352,Forecasting Changes in Urban Heat Island in the US Southwest,159669,burillo_uhi_southwest_cities.pdf,,,,,,,,,,,,,1,1,"{'type': [], 'title': [], 'subject': [], 'language': [], 'description': [], 'notes': [], 'contributor': [], 'series': [], 'extent': [], 'identifier': [], 'citation': []}",142405,1382.0,2015-10-02 17:54:27.115637+00:00,filestore/ef/26/bd/ef26bd4298343eaa5a224a83e02bb242,ef26bd4298343eaa5a224a83e02bb242,application/pdf,burillo_uhi_southwest_cities.pdf,954333.0,/attachments/159669/content/burillo_uhi_southwest_cities.pdf,file,document,ef/26/bd/ef26bd4298343eaa5a224a83e02bb242,,,142405,,,
55,35532,Vulnerability Assessment of Southwest Infrastructure to Increased Heat Using a Life Cycle Approach,160045,bondank_water_vulnerability_lca.pdf,,,,,,,,,,,,,1,1,"{'type': [], 'title': [], 'subject': [], 'language': [], 'description': [], 'notes': [], 'contributor': [], 'series': [], 'extent': [], 'identifier': [], 'citation': []}",142780,1654.0,2015-10-19 17:25:51.027988+00:00,filestore/46/9a/4e/469a4ee459a298855fe5a0040b41be9d,469a4ee459a298855fe5a0040b41be9d,application/pdf,bondank_water_vulnerability_lca.pdf,2149836.0,/attachments/160045/content/bondank_water_vulnerability_lca.pdf,file,document,46/9a/4e/469a4ee459a298855fe5a0040b41be9d,,,142780,,,
56,35533,An adaptive management plan to decrease impacts of water crisis on social welfare in Detroit,160047,bondank_water_detroit.pdf,,,,,,,,,,,,,1,1,"{'type': [], 'title': [], 'subject': [], 'language': [], 'description': [], 'notes': [], 'contributor': [], 'series': [], 'extent': [], 'identifier': [], 'citation': []}",142782,1772.0,2015-10-19 17:28:00.486143+00:00,filestore/af/96/1b/af961bbcdda9b7144398be0057dc53cf,af961bbcdda9b7144398be0057dc53cf,application/pdf,bondank_water_detroit.pdf,1015175.0,/attachments/160047/content/bondank_water_detroit.pdf,file,document,af/96/1b/af961bbcdda9b7144398be0057dc53cf,,,142782,,,
57,36174,Challenges and Opportunities for Complexity Analysis in Food-Energy-Water Interdependent Systems,162736,asu_2016_few_nexus_complexity.pdf,,,,,,,,,,,,,1,1,"{'type': [], 'title': [], 'subject': [], 'language': [], 'description': [], 'notes': [], 'contributor': [], 'series': [], 'extent': [], 'identifier': [], 'citation': []}",145430,1899.0,2016-01-06 17:19:34.329239+00:00,filestore/d4/1c/b8/d41cb85607e00020c11e0aed2b3e64cf,d41cb85607e00020c11e0aed2b3e64cf,application/pdf,asu_2016_few_nexus_complexity.pdf,329315.0,/attachments/162736/content/asu_2016_few_nexus_complexity.pdf,file,document,d4/1c/b8/d41cb85607e00020c11e0aed2b3e64cf,,,145430,,,
58,36773,Decling Car Use in a Megacity: Exploring the Drivers of Peak Car including Infrastructure Saturation,165369,fraser_chester_la_infrastructure_saturation.pdf,,,,,,,,,,,,,1,1,"{'type': [], 'title': [], 'subject': [], 'language': [], 'description': [], 'notes': [], 'contributor': [], 'series': [], 'extent': [], 'identifier': [], 'citation': []}",148336,2092.0,2016-03-12 22:48:23.534666+00:00,filestore/40/ae/10/40ae10c516b7df93b41968a2e3ee306e,40ae10c516b7df93b41968a2e3ee306e,application/pdf,fraser_chester_la_infrastructure_saturation.pdf,1081013.0,/attachments/165369/content/fraser_chester_la_infrastructure_saturation.pdf,file,document,40/ae/10/40ae10c516b7df93b41968a2e3ee306e,,,148336,,,
59,170137,Safe-to-Fail Adaptation Strategies for Phoenix-area Roadways Under Increasing Precipitation,170137,"May 26, 2016, Report",,,,,,,,,,,,,1,1,"{'type': [], 'title': [], 'subject': [], 'language': [], 'description': [], 'notes': [], 'contributor': [], 'series': [], 'extent': [], 'identifier': [], 'citation': []}",153562,3911.0,2016-05-26 20:52:34.573235+00:00,filestore/7f/d7/17/7fd717b5d277717a053bac2692b056b9,7fd717b5d277717a053bac2692b056b9,application/pdf,asu_2016_adaptation_for_phoenix_road_flooding.pdf,2953270.0,/attachments/170137/content/asu_2016_adaptation_for_phoenix_road_flooding.pdf,file,document,7f/d7/17/7fd717b5d277717a053bac2692b056b9,37729,,153562,,,
60,38316,"Apache Junction Trail Connectivity, Downtown Visioning & State Land Visioning",170184,FINAL REPORT_5.25.pdf,,,,,,,,,,,,,1,1,"{'type': [], 'title': [], 'subject': [], 'language': [], 'description': [], 'notes': [], 'contributor': [], 'series': [], 'extent': [], 'identifier': [], 'citation': []}",153609,1233.0,2016-05-27 23:31:12.072525+00:00,filestore/2b/2f/a0/2b2fa0479a1c0b6ee288963218b02d75,2b2fa0479a1c0b6ee288963218b02d75,application/pdf,FINAL REPORT_5.25.pdf,123810555.0,/attachments/170184/content/FINAL%20REPORT_5.25.pdf,file,document,2b/2f/a0/2b2fa0479a1c0b6ee288963218b02d75,,,153609,,,
61,40430,Methodology for Estimating Generating Capacity Losses in Thermoelectric Power Facilities with Recirculating Cooling Systems under Climate Change,175566,bartos_chester_2016_recirculating_cooling_updates.pdf,,,,,,,,,,,,,1,1,"{'type': [], 'title': [], 'subject': [], 'language': [], 'description': [], 'notes': [], 'contributor': [], 'series': [], 'extent': [], 'identifier': [], 'citation': []}",159459,1628.0,2016-10-27 15:06:02.608004+00:00,filestore/a9/42/a8/a942a820516b5f3888d204ca0f70cb10,a942a820516b5f3888d204ca0f70cb10,application/pdf,bartos_chester_2016_recirculating_cooling_updates.pdf,586445.0,/attachments/175566/content/bartos_chester_2016_recirculating_cooling_updates.pdf,file,document,a9/42/a8/a942a820516b5f3888d204ca0f70cb10,,,159459,,,
62,183586,Heat Exposure and Transit Use: Travel Behavior and Infrastructure,183586,"April 25, 2017 Presentation Flyer",,,,,,,,,,,,,1,1,"{'type': [], 'title': [], 'subject': [], 'language': [], 'description': [], 'notes': [], 'contributor': [], 'series': [], 'extent': [], 'identifier': [], 'citation': []}",173711,1602.0,2017-04-25 13:39:59.978922+00:00,filestore/7b/d1/a4/7bd1a46c90637bd3aa89cd6f9040a38f,7bd1a46c90637bd3aa89cd6f9040a38f,application/pdf,uia_sp17_transit_heat.pdf,293231.0,/attachments/183586/content/uia_sp17_transit_heat.pdf,file,document,7b/d1/a4/7bd1a46c90637bd3aa89cd6f9040a38f,43327,,173711,,,
63,188120,First-last mile environmental life-cycle assessment of multimodal transit in Los Angeles,188120,July 2017 Final Report,,,,,,,,,,,,,1,1,"{'type': [], 'title': [], 'subject': [], 'language': [], 'description': [], 'notes': [], 'contributor': [], 'series': [], 'extent': [], 'identifier': [], 'citation': []}",180709,1718.0,2017-07-11 21:28:14.402884+00:00,filestore/d2/fe/0a/d2fe0a0859e90369bdf599fc3d1977ee,d2fe0a0859e90369bdf599fc3d1977ee,application/pdf,20170711_FL_SCAG_Report_Final.pdf,3429672.0,/attachments/188120/content/20170711_FL_SCAG_Report_Final.pdf,file,document,d2/fe/0a/d2fe0a0859e90369bdf599fc3d1977ee,44755,,180709,,,
64,44743,Toward Adaptive Infrastructure: Flexibility and Agility in a Non-stationarity Age,191974,towards_adaptive_infrastructure_draft_for_course_reading.pdf,,,,,,,,,,,,,1,1,"{'type': [], 'title': [], 'subject': [], 'language': [], 'description': [], 'notes': [], 'contributor': [], 'series': [], 'extent': [], 'identifier': [], 'citation': []}",180709,,,,,,,,,file,document,,,,,,,
65,46072,"Quantifying Vehicle Waste Heat: A Case Study of Phoenix, Arizona",193507,20180115_hoehne_vehicle_waste_heat.pdf,,,,,,,,,,,,,1,1,"{'type': [], 'title': [], 'subject': [], 'language': [], 'description': [], 'notes': [], 'contributor': [], 'series': [], 'extent': [], 'identifier': [], 'citation': []}",186887,976.0,2018-01-15 21:34:03.571270+00:00,filestore/37/db/b9/37dbb982175ea0c9fb406fca08e532aa,37dbb982175ea0c9fb406fca08e532aa,application/pdf,20180115_hoehne_vehicle_waste_heat.pdf,1367355.0,/attachments/193507/content/20180115_hoehne_vehicle_waste_heat.pdf,file,document,37/db/b9/37dbb982175ea0c9fb406fca08e532aa,,,186887,,,
66,121237,Policy Brief: Transit-oriented Development Infill in Phoenix Can Reduce Future Transportation and Land Use Life-cycle Environmental Impacts,121237,DOI_CoverPage.pdf,,,,,,,,,,,,,1,1,"{'type': [], 'title': [], 'subject': [], 'language': [], 'description': [], 'notes': [], 'contributor': [], 'series': [], 'extent': [], 'identifier': [], 'citation': []}",98389,751.0,2013-11-26 18:17:48.286154+00:00,filestore/83/b4/0b/83b40bb76e148d8fdccaf58819b2d5ce,83b40bb76e148d8fdccaf58819b2d5ce,application/pdf,DOI_CoverPage.pdf,392055.0,/attachments/121237/content/DOI_CoverPage.pdf,file,document,83/b4/0b/83b40bb76e148d8fdccaf58819b2d5ce,15341,,98389,,,
67,128976,Smart Growth Along the Proposed Phoenix Light Rail Expansion Lines Can Reduce Future Urban Energy Consumption and Environmental Impacts,128976,asu_uia_final_presentation_spring2012.pdf,,,,,,,,,,,,,1,1,"{'type': [], 'title': [], 'subject': [], 'language': [], 'description': [], 'notes': [], 'contributor': [], 'series': [], 'extent': [], 'identifier': [], 'citation': []}",107637,4384.0,2014-04-06 21:22:01.321429+00:00,filestore/71/5b/bb/715bbb6860eb38938dc839c4faf5b437,715bbb6860eb38938dc839c4faf5b437,application/pdf,asu_uia_final_presentation_spring2012.pdf,6155427.0,/attachments/128976/content/asu_uia_final_presentation_spring2012.pdf,file,document,71/5b/bb/715bbb6860eb38938dc839c4faf5b437,15667,,107637,,,
68,131149,"The Water, Energy, & Infrastructure Co-benefits of Smart Growth Planning in Phoenix",131149,"April 29, 2014 Presentation",,,,,,,,,,,,,1,1,"{'type': [], 'title': [], 'subject': [], 'language': [], 'description': [], 'notes': [], 'contributor': [], 'series': [], 'extent': [], 'identifier': [], 'citation': []}",109830,6302.0,2014-04-29 20:42:44.259738+00:00,filestore/d3/db/b6/d3dbb64790a7099996556aa84a4c56e4,d3dbb64790a7099996556aa84a4c56e4,application/pdf,ASU_UIA14_presentation_20140429.pdf,3379833.0,/attachments/131149/content/ASU_UIA14_presentation_20140429.pdf,file,document,d3/db/b6/d3dbb64790a7099996556aa84a4c56e4,23060,,109830,,,
69,148319,"Urban Infrastructure Design and Heat Vulnerability: Rethinking Infrastructure in Mesa, Arizona",148319,"April 28, 2015, Presentation",,,,,,,,,,,,,1,1,"{'type': [], 'title': [], 'subject': [], 'language': [], 'description': [], 'notes': [], 'contributor': [], 'series': [], 'extent': [], 'identifier': [], 'citation': []}",129751,3780.0,2015-04-28 20:40:58.769004+00:00,filestore/51/e6/de/51e6de0cccbc86f30f014557b7b1310e,51e6de0cccbc86f30f014557b7b1310e,application/pdf,asu_uia_spring2015_mesa_heat_vulnerability.pdf,8982899.0,/attachments/148319/content/asu_uia_spring2015_mesa_heat_vulnerability.pdf,file,document,51/e6/de/51e6de0cccbc86f30f014557b7b1310e,29061,,129751,,,
70,168189,Safe-to-Fail Adaptation Strategies for Phoenix-area Roadways Under Increasing Precipitation,168189,"April 27, 2016, Presentation",,,,,,,,,,,,,1,1,"{'type': [], 'title': [], 'subject': [], 'language': [], 'description': [], 'notes': [], 'contributor': [], 'series': [], 'extent': [], 'identifier': [], 'citation': []}",151451,2834.0,2016-04-27 21:29:13.457018+00:00,filestore/c6/1a/76/c61a769460572d2c6bcf9fc6fdf19a3e,c61a769460572d2c6bcf9fc6fdf19a3e,application/pdf,asu_uia_sp2016_phoenix_roadway_adaptation.pdf,6114065.0,/attachments/168189/content/asu_uia_sp2016_phoenix_roadway_adaptation.pdf,file,document,c6/1a/76/c61a769460572d2c6bcf9fc6fdf19a3e,37729,,151451,,,
71,183602,Heat Exposure and Transit Use: Travel Behavior and Infrastructure,183602,"April 25, 2017 Presentation",,,,,,,,,,,,,1,1,"{'type': [], 'title': [], 'subject': [], 'language': [], 'description': [], 'notes': [], 'contributor': [], 'series': [], 'extent': [], 'identifier': [], 'citation': []}",173726,2112.0,2017-04-25 20:22:08.210820+00:00,filestore/95/29/56/9529566d6a6347b7748f08409fcb253b,9529566d6a6347b7748f08409fcb253b,application/pdf,asu_uia_spring_2017_final.pdf,4152054.0,/attachments/183602/content/asu_uia_spring_2017_final.pdf,file,document,95/29/56/9529566d6a6347b7748f08409fcb253b,43327,,173726,,,
72,188121,First-last mile environmental life-cycle assessment of multimodal transit in Los Angeles,188121,July 2017 Final Presentation,,,,,,,,,,,,,1,1,"{'type': [], 'title': [], 'subject': [], 'language': [], 'description': [], 'notes': [], 'contributor': [], 'series': [], 'extent': [], 'identifier': [], 'citation': []}",180710,1784.0,2017-07-11 21:29:11.308140+00:00,filestore/a9/83/6c/a9836cfb0a5ba75b64c51571cc5f9241,a9836cfb0a5ba75b64c51571cc5f9241,application/pdf,20170711_Final_FL_Mile_presentation.pdf,3158971.0,/attachments/188121/content/20170711_Final_FL_Mile_presentation.pdf,file,document,a9/83/6c/a9836cfb0a5ba75b64c51571cc5f9241,44755,,180710,,,
73,131148,"The Water, Energy, & Infrastructure Co-benefits of Smart Growth Planning in Phoenix",131148,"April 29, 2014 Presentation Flyer",,,,,,,,,,,,,1,1,"{'type': [], 'title': [], 'subject': [], 'language': [], 'description': [], 'notes': [], 'contributor': [], 'series': [], 'extent': [], 'identifier': [], 'citation': []}",109832,3720.0,2014-04-29 20:43:46.935925+00:00,filestore/ce/b8/df/ceb8df2ac2889859bada6d50f085012f,ceb8df2ac2889859bada6d50f085012f,application/pdf,ASU_UIA14_presentation_flyer_20140417.pdf,273019.0,/attachments/131148/content/ASU_UIA14_presentation_flyer_20140417.pdf,file,document,ce/b8/df/ceb8df2ac2889859bada6d50f085012f,23060,,109832,,,
74,147788,"Urban Infrastructure Design and Heat Vulnerability: Rethinking Infrastructure in Mesa, Arizona",147788,"April 28, 2015, Presentation Flyer",,,,,,,,,,,,,1,1,"{'type': [], 'title': [], 'subject': [], 'language': [], 'description': [], 'notes': [], 'contributor': [], 'series': [], 'extent': [], 'identifier': [], 'citation': []}",129075,2858.0,2015-04-19 21:24:40.821590+00:00,filestore/7c/31/ca/7c31cae5a37109ea641fa23544c5a15c,7c31cae5a37109ea641fa23544c5a15c,application/pdf,20150428_uia_presentation_flyer.pdf,329674.0,/attachments/147788/content/20150428_uia_presentation_flyer.pdf,file,document,7c/31/ca/7c31cae5a37109ea641fa23544c5a15c,29061,,129075,,,
75,167676,Safe-to-Fail Adaptation Strategies for Phoenix-area Roadways Under Increasing Precipitation,167676,"April 27, 2016, Presentation Flyer",,,,,,,,,,,,,1,1,"{'type': [], 'title': [], 'subject': [], 'language': [], 'description': [], 'notes': [], 'contributor': [], 'series': [], 'extent': [], 'identifier': [], 'citation': []}",150893,2278.0,2016-04-21 15:35:04.898150+00:00,filestore/9d/dd/07/9ddd070139df8399f8a503a571b40340,9ddd070139df8399f8a503a571b40340,application/pdf,asu_uia_sp2016_presentation_flyer.pdf,189871.0,/attachments/167676/content/asu_uia_sp2016_presentation_flyer.pdf,file,document,9d/dd/07/9ddd070139df8399f8a503a571b40340,37729,,150893,,,
76,186128,Heat Exposure and Transit Use: Travel Behavior and Infrastructure,186128,"May 29, 2017 Report",,,,,,,,,,,,,1,1,"{'type': [], 'title': [], 'subject': [], 'language': [], 'description': [], 'notes': [], 'contributor': [], 'series': [], 'extent': [], 'identifier': [], 'citation': []}",178522,2748.0,2017-05-29 18:23:47.467693+00:00,filestore/c5/4b/49/c54b49b3479b97601aa4f885f7fc30f5,c54b49b3479b97601aa4f885f7fc30f5,application/pdf,20170529_asu_uia_Spring2017_Heat_Vulnerability_Report.pdf,2417636.0,/attachments/186128/content/20170529_asu_uia_Spring2017_Heat_Vulnerability_Report.pdf,file,document,c5/4b/49/c54b49b3479b97601aa4f885f7fc30f5,43327,,178522,,,
